"           TIME(S)","              PRES","              TEMP","             SAT_G","             SAT_L"
  0.60000000000E+001,  0.35000000000E+007,  0.16500000000E+002,  0.50000000000E+000,  0.50000000000E+000
  0.36000000000E+002,  0.35000000000E+007,  0.16500000000E+002,  0.50000000000E+000,  0.50000000000E+000
  0.66000000000E+002,  0.35000000000E+007,  0.16500000000E+002,  0.50000000000E+000,  0.50000000000E+000
