"              ELEM","                 X","                 Y","                 Z","              ROCK","              PRES","              TEMP","             SAT_G","             SAT_L","             SAT_S","         X_WATER_G","          X_NaCl_G","           X_CO2_G","         X_WATER_L","          X_NaCl_L","           X_CO2_L","             REL_G","             REL_L","           PCAP_GL","             DEN_G","             DEN_L","               POR"
"                  ","               (M)","               (M)","               (M)","                  ","              (PA)","           (DEC-C)","               (-)","               (-)","               (-)","               (-)","               (-)","               (-)","               (-)","               (-)","               (-)","               (-)","               (-)","              (PA)","         (KG/M**3)","         (KG/M**3)","               (-)"
"TIME [sec]  0.66000000E+02"
"             A11 0",  0.25000000000E+000,  0.50000000000E+000, -0.50000000000E+000,                   1,  0.35000000000E+007,  0.15000000000E+002,  0.50000000000E+000,  0.50000000000E+000,  0.00000000000E+000,  0.28345661208E-003,  0.00000000000E+000,  0.99971654339E+000,  0.93750168990E+000,  0.16552846201E-001,  0.45945463903E-001,  0.10000000000E+001,  0.10000000000E+001, -0.00000000000E+000,  0.84408095000E+002,  0.10195040218E+004,  0.99000000000E+000
"             A11 1",  0.75000000000E+000,  0.50000000000E+000, -0.50000000000E+000,                   1,  0.35000000000E+007,  0.15000000000E+002,  0.50000000000E+000,  0.50000000000E+000,  0.00000000000E+000,  0.28345661208E-003,  0.00000000000E+000,  0.99971654339E+000,  0.93750168990E+000,  0.16552846201E-001,  0.45945463903E-001,  0.10000000000E+001,  0.10000000000E+001, -0.00000000000E+000,  0.84408095000E+002,  0.10195040218E+004,  0.99000000000E+000
