"              ELEM","                 X","                 Y","                 Z","              ROCK","              PRES","              TEMP","             SAT_G","             SAT_L","             SAT_S","         X_WATER_G","          X_NaCl_G","           X_CO2_G","         X_WATER_L","          X_NaCl_L","           X_CO2_L","             REL_G","             REL_L","           PCAP_GL","             DEN_G","             DEN_L","               POR"
"                  ","               (M)","               (M)","               (M)","                  ","              (PA)","           (DEC-C)","               (-)","               (-)","               (-)","               (-)","               (-)","               (-)","               (-)","               (-)","               (-)","               (-)","               (-)","              (PA)","         (KG/M**3)","         (KG/M**3)","               (-)"
"TIME [sec]  0.66000000E+02"
"             A11 0",  0.25000000000E+000,  0.50000000000E+000, -0.50000000000E+000,                   1,  0.35000000000E+007,  0.16500000000E+002,  0.50000000000E+000,  0.50000000000E+000,  0.00000000000E+000,  0.31031490844E-003,  0.00000000000E+000,  0.99968968509E+000,  0.93914221073E+000,  0.16438861180E-001,  0.44418928091E-001,  0.10000000000E+001,  0.10000000000E+001,  0.00000000000E+000,  0.83360538000E+002,  0.10190367564E+004,  0.99000000000E+000
"             A11 1",  0.75000000000E+000,  0.50000000000E+000, -0.50000000000E+000,                   1,  0.35000000000E+007,  0.16500000000E+002,  0.50000000000E+000,  0.50000000000E+000,  0.00000000000E+000,  0.31031490844E-003,  0.00000000000E+000,  0.99968968509E+000,  0.93914221073E+000,  0.16438861180E-001,  0.44418928091E-001,  0.10000000000E+001,  0.10000000000E+001,  0.00000000000E+000,  0.83360538000E+002,  0.10190367564E+004,  0.99000000000E+000
