"              ELEM","                 X","                 Y","                 Z","             SAT_G","             SAT_L","             SAT_S","              PRES","           PCAP_GL","             DEN_G","             DEN_L","             DEN_S","             VIS_G","             VIS_L","             VIS_S"
"                  ","               (M)","               (M)","               (M)","               (-)","               (-)","               (-)","              (PA)","              (PA)","         (KG/M**3)","         (KG/M**3)","         (KG/M**3)","            (PA*S)","            (PA*S)","            (PA*S)"
"TIME [sec]  0.99600000E+03"
"             A11 0",  0.25000000000E+000,  0.50000000000E+000, -0.50000000000E+000,  0.00000000000E+000,  0.10000000000E+001,  0.00000000000E+000,  0.35000000000E+007,  0.00000000000E+000,  0.00000000000E+000,  0.10003631178E+004,  0.21614090813E+004,  0.10000000000E+001,  0.11368848635E-002,  0.10000000000E+001
"             A11 1",  0.75000000000E+000,  0.50000000000E+000, -0.50000000000E+000,  0.00000000000E+000,  0.10000000000E+001,  0.00000000000E+000,  0.35000000000E+007,  0.00000000000E+000,  0.00000000000E+000,  0.10003631178E+004,  0.21614090813E+004,  0.10000000000E+001,  0.11368848635E-002,  0.10000000000E+001
