"           TIME(S)","              PRES","              TEMP","             SAT_G","             SAT_L"
  0.94882000000E+005,  0.99758422182E+006,  0.16500000000E+002,  0.00000000000E+000,  0.10000000000E+001
  0.94883000000E+005,  0.99766658604E+006,  0.16500000000E+002,  0.00000000000E+000,  0.10000000000E+001
  0.94884000000E+005,  0.99777781236E+006,  0.16500000000E+002,  0.00000000000E+000,  0.10000000000E+001
  0.94884200000E+005,  0.99780105029E+006,  0.16500000000E+002,  0.00000000000E+000,  0.10000000000E+001
  0.94885200000E+005,  0.99796384633E+006,  0.16500000000E+002,  0.00000000000E+000,  0.10000000000E+001
  0.94886200000E+005,  0.99816336192E+006,  0.16500000000E+002,  0.00000000000E+000,  0.10000000000E+001
