"           TIME(S)","              PRES","              TEMP","             SAT_G","             SAT_L"
  0.94878500000E+005,  0.99555748919E+006,  0.16500000000E+002,  0.00000000000E+000,  0.10000000000E+001
  0.94879500000E+005,  0.99555748919E+006,  0.16500000000E+002,  0.00000000000E+000,  0.10000000000E+001
  0.94880500000E+005,  0.99555748919E+006,  0.16500000000E+002,  0.00000000000E+000,  0.10000000000E+001
  0.94881500000E+005,  0.99555748919E+006,  0.16500000000E+002,  0.00000000000E+000,  0.10000000000E+001
  0.94882500000E+005,  0.99576765978E+006,  0.16500000000E+002,  0.00000000000E+000,  0.10000000000E+001
  0.94883500000E+005,  0.99723891521E+006,  0.16500000000E+002,  0.00000000000E+000,  0.10000000000E+001
  0.94884500000E+005,  0.10000903528E+007,  0.16500000000E+002,  0.00000000000E+000,  0.10000000000E+001
  0.94885500000E+005,  0.10071378978E+007,  0.16500000000E+002,  0.00000000000E+000,  0.10000000000E+001
  0.94886500000E+005,  0.10229993433E+007,  0.16500000000E+002,  0.00000000000E+000,  0.10000000000E+001
  0.94887500000E+005,  0.10507706618E+007,  0.16500000000E+002,  0.00000000000E+000,  0.10000000000E+001
  0.94887500000E+005,  0.10936563615E+007,  0.16500000000E+002,  0.00000000000E+000,  0.10000000000E+001
