"           TIME(S)","              PRES","              TEMP","             SAT_G","             SAT_L"
  0.94860000000E+005,  0.99750120062E+006,  0.16500000000E+002,  0.00000000000E+000,  0.10000000000E+001
  0.94864500000E+005,  0.99750120062E+006,  0.16500000000E+002,  0.00000000000E+000,  0.10000000000E+001
  0.94871100000E+005,  0.99750120062E+006,  0.16500000000E+002,  0.00000000000E+000,  0.10000000000E+001
  0.94877600000E+005,  0.99750120062E+006,  0.16500000000E+002,  0.00000000000E+000,  0.10000000000E+001
  0.94884200000E+005,  0.99826076861E+006,  0.16500000000E+002,  0.00000000000E+000,  0.10000000000E+001
  0.94890700000E+005,  0.10008289044E+007,  0.16500000000E+002,  0.00000000000E+000,  0.10000000000E+001
  0.94897300000E+005,  0.10052555137E+007,  0.16500000000E+002,  0.00000000000E+000,  0.10000000000E+001
  0.94903900000E+005,  0.10114475508E+007,  0.16500000000E+002,  0.00000000000E+000,  0.10000000000E+001
  0.94910400000E+005,  0.10192067977E+007,  0.16500000000E+002,  0.00000000000E+000,  0.10000000000E+001
  0.94917000000E+005,  0.10290319688E+007,  0.16500000000E+002,  0.00000000000E+000,  0.10000000000E+001
  0.94923500000E+005,  0.10402088047E+007,  0.16500000000E+002,  0.00000000000E+000,  0.10000000000E+001
  0.94930100000E+005,  0.10543639357E+007,  0.16500000000E+002,  0.00000000000E+000,  0.10000000000E+001
  0.94936600000E+005,  0.10746450148E+007,  0.16500000000E+002,  0.00000000000E+000,  0.10000000000E+001
  0.94943200000E+005,  0.11008254844E+007,  0.16500000000E+002,  0.00000000000E+000,  0.10000000000E+001
  0.94949800000E+005,  0.11290133945E+007,  0.16500000000E+002,  0.00000000000E+000,  0.10000000000E+001
  0.94956300000E+005,  0.11558907402E+007,  0.16500000000E+002,  0.00000000000E+000,  0.10000000000E+001
  0.94962900000E+005,  0.11813590593E+007,  0.16500000000E+002,  0.00000000000E+000,  0.10000000000E+001
  0.94969400000E+005,  0.12048019186E+007,  0.16500000000E+002,  0.00000000000E+000,  0.10000000000E+001
  0.94976000000E+005,  0.12273211592E+007,  0.16500000000E+002,  0.00000000000E+000,  0.10000000000E+001
  0.94986000000E+005,  0.12600807989E+007,  0.16500000000E+002,  0.00000000000E+000,  0.10000000000E+001
  0.94992600000E+005,  0.12810275357E+007,  0.16500000000E+002,  0.00000000000E+000,  0.10000000000E+001
