"           TIME(S)","              PRES","              TEMP","             SAT_G","             SAT_L"
  0.94878500000E+005,  0.34897753519E+006,  0.16500000000E+002,  0.00000000000E+000,  0.10000000000E+001
  0.94880000000E+005,  0.34897754343E+006,  0.16500000000E+002,  0.00000000000E+000,  0.10000000000E+001
  0.94881500000E+005,  0.34897754404E+006,  0.16500000000E+002,  0.00000000000E+000,  0.10000000000E+001
  0.94883000000E+005,  0.13690377867E+007,  0.16500000000E+002,  0.00000000000E+000,  0.10000000000E+001
  0.94884500000E+005,  0.21707162517E+007,  0.16500000000E+002,  0.00000000000E+000,  0.10000000000E+001
  0.94886000000E+005,  0.29374190870E+007,  0.16500000000E+002,  0.00000000000E+000,  0.10000000000E+001
  0.94887500000E+005,  0.36874481191E+007,  0.16500000000E+002,  0.00000000000E+000,  0.10000000000E+001
  0.94889000000E+005,  0.44222781489E+007,  0.16500000000E+002,  0.00000000000E+000,  0.10000000000E+001
  0.94890500000E+005,  0.51425755330E+007,  0.16500000000E+002,  0.00000000000E+000,  0.10000000000E+001
  0.94892000000E+005,  0.58489160500E+007,  0.16500000000E+002,  0.00000000000E+000,  0.10000000000E+001
  0.94893500000E+005,  0.65418381447E+007,  0.16500000000E+002,  0.00000000000E+000,  0.10000000000E+001
  0.94895000000E+005,  0.72218493005E+007,  0.16500000000E+002,  0.00000000000E+000,  0.10000000000E+001
  0.94896500000E+005,  0.78894285729E+007,  0.16500000000E+002,  0.00000000000E+000,  0.10000000000E+001
  0.94898000000E+005,  0.85450286465E+007,  0.16500000000E+002,  0.00000000000E+000,  0.10000000000E+001
  0.94899500000E+005,  0.91890776959E+007,  0.16500000000E+002,  0.00000000000E+000,  0.10000000000E+001
  0.94900000000E+005,  0.94020414725E+007,  0.16500000000E+002,  0.00000000000E+000,  0.10000000000E+001
