"           TIME(S)","              PRES","              TEMP","             SAT_G","             SAT_L"
  0.94904300000E+005,  0.35450879397E+006,  0.16500000000E+002,  0.00000000000E+000,  0.10000000000E+001
  0.94905300000E+005,  0.35450879398E+006,  0.16500000000E+002,  0.00000000000E+000,  0.10000000000E+001
  0.94906300000E+005,  0.35450879398E+006,  0.16500000000E+002,  0.00000000000E+000,  0.10000000000E+001
  0.94907300000E+005,  0.35450879398E+006,  0.16500000000E+002,  0.00000000000E+000,  0.10000000000E+001
  0.94908300000E+005,  0.35450879398E+006,  0.16500000000E+002,  0.00000000000E+000,  0.10000000000E+001
  0.94909300000E+005,  0.35450879398E+006,  0.16500000000E+002,  0.00000000000E+000,  0.10000000000E+001
  0.94910300000E+005,  0.35450879398E+006,  0.16500000000E+002,  0.00000000000E+000,  0.10000000000E+001
  0.94911300000E+005,  0.35450879398E+006,  0.16500000000E+002,  0.00000000000E+000,  0.10000000000E+001
  0.94912300000E+005,  0.35450879398E+006,  0.16500000000E+002,  0.00000000000E+000,  0.10000000000E+001
  0.94913300000E+005,  0.35450879398E+006,  0.16500000000E+002,  0.00000000000E+000,  0.10000000000E+001
  0.94914300000E+005,  0.35450879398E+006,  0.16500000000E+002,  0.00000000000E+000,  0.10000000000E+001
  0.94915300000E+005,  0.35450879398E+006,  0.16500000000E+002,  0.00000000000E+000,  0.10000000000E+001
  0.94916300000E+005,  0.35450879399E+006,  0.16500000000E+002,  0.00000000000E+000,  0.10000000000E+001
