"           TIME(S)","              PRES","              TEMP","             SAT_G","             SAT_L"
  0.94864000000E+005,  0.99750120064E+006,  0.16500000000E+002,  0.00000000000E+000,  0.10000000000E+001
  0.94864500000E+005,  0.99750120064E+006,  0.16500000000E+002,  0.00000000000E+000,  0.10000000000E+001
  0.94866500000E+005,  0.99750120064E+006,  0.16500000000E+002,  0.00000000000E+000,  0.10000000000E+001
  0.94868500000E+005,  0.99750120064E+006,  0.16500000000E+002,  0.00000000000E+000,  0.10000000000E+001
  0.94870500000E+005,  0.99750120064E+006,  0.16500000000E+002,  0.00000000000E+000,  0.10000000000E+001
  0.94871100000E+005,  0.99750120064E+006,  0.16500000000E+002,  0.00000000000E+000,  0.10000000000E+001
  0.94873100000E+005,  0.99750120064E+006,  0.16500000000E+002,  0.00000000000E+000,  0.10000000000E+001
  0.94875100000E+005,  0.99750120064E+006,  0.16500000000E+002,  0.00000000000E+000,  0.10000000000E+001
  0.94877100000E+005,  0.99750120064E+006,  0.16500000000E+002,  0.00000000000E+000,  0.10000000000E+001
  0.94877600000E+005,  0.99750120064E+006,  0.16500000000E+002,  0.00000000000E+000,  0.10000000000E+001
  0.94879600000E+005,  0.99750120064E+006,  0.16500000000E+002,  0.00000000000E+000,  0.10000000000E+001
