"           TIME(S)","              PRES","              TEMP","             SAT_G","             SAT_L"
  0.94879000000E+005,  0.35450879397E+006,  0.16500000000E+002,  0.00000000000E+000,  0.10000000000E+001
  0.94881000000E+005,  0.35450879397E+006,  0.16500000000E+002,  0.00000000000E+000,  0.10000000000E+001
  0.94883000000E+005,  0.35450879397E+006,  0.16500000000E+002,  0.00000000000E+000,  0.10000000000E+001
  0.94885000000E+005,  0.35450879397E+006,  0.16500000000E+002,  0.00000000000E+000,  0.10000000000E+001
  0.94887000000E+005,  0.35450879397E+006,  0.16500000000E+002,  0.00000000000E+000,  0.10000000000E+001
  0.94889000000E+005,  0.35450879397E+006,  0.16500000000E+002,  0.00000000000E+000,  0.10000000000E+001
  0.94890000000E+005,  0.35450879397E+006,  0.16500000000E+002,  0.00000000000E+000,  0.10000000000E+001
