"           TIME(S)","              PRES","              TEMP","             SAT_G","             SAT_L"
  0.94878500000E+005,  0.27210021988E+006,  0.16500000000E+002,  0.00000000000E+000,  0.10000000000E+001
  0.94880000000E+005,  0.27210021987E+006,  0.16500000000E+002,  0.00000000000E+000,  0.10000000000E+001
  0.94881500000E+005,  0.27210021987E+006,  0.16500000000E+002,  0.00000000000E+000,  0.10000000000E+001
  0.94883000000E+005,  0.27210021987E+006,  0.16500000000E+002,  0.00000000000E+000,  0.10000000000E+001
  0.94884500000E+005,  0.27210021987E+006,  0.16500000000E+002,  0.00000000000E+000,  0.10000000000E+001
  0.94886000000E+005,  0.27210021986E+006,  0.16500000000E+002,  0.00000000000E+000,  0.10000000000E+001
  0.94887500000E+005,  0.27210021986E+006,  0.16500000000E+002,  0.00000000000E+000,  0.10000000000E+001
  0.94889000000E+005,  0.27210021986E+006,  0.16500000000E+002,  0.00000000000E+000,  0.10000000000E+001
  0.94890500000E+005,  0.27210021986E+006,  0.16500000000E+002,  0.00000000000E+000,  0.10000000000E+001
  0.94892000000E+005,  0.27210021985E+006,  0.16500000000E+002,  0.00000000000E+000,  0.10000000000E+001
  0.94893500000E+005,  0.27210021985E+006,  0.16500000000E+002,  0.00000000000E+000,  0.10000000000E+001
  0.94895000000E+005,  0.27210021985E+006,  0.16500000000E+002,  0.00000000000E+000,  0.10000000000E+001
  0.94896500000E+005,  0.27210021985E+006,  0.16500000000E+002,  0.00000000000E+000,  0.10000000000E+001
  0.94898000000E+005,  0.27210021985E+006,  0.16500000000E+002,  0.00000000000E+000,  0.10000000000E+001
  0.94899500000E+005,  0.27210021984E+006,  0.16500000000E+002,  0.00000000000E+000,  0.10000000000E+001
  0.94900000000E+005,  0.27210021984E+006,  0.16500000000E+002,  0.00000000000E+000,  0.10000000000E+001
