"           TIME(S)","              PRES","              TEMP","             SAT_G","             SAT_L"
  0.94878500000E+005,  0.99555748928E+006,  0.16500000000E+002,  0.00000000000E+000,  0.10000000000E+001
  0.94881000000E+005,  0.99555748900E+006,  0.16500000000E+002,  0.00000000000E+000,  0.10000000000E+001
  0.94891000000E+005,  0.10166260183E+007,  0.16500000000E+002,  0.00000000000E+000,  0.10000000000E+001
  0.94901000000E+005,  0.10594473538E+007,  0.16500000000E+002,  0.00000000000E+000,  0.10000000000E+001
  0.94911000000E+005,  0.11186163419E+007,  0.16500000000E+002,  0.00000000000E+000,  0.10000000000E+001
  0.94921000000E+005,  0.11924619823E+007,  0.16500000000E+002,  0.00000000000E+000,  0.10000000000E+001
  0.94931000000E+005,  0.12837115497E+007,  0.16500000000E+002,  0.00000000000E+000,  0.10000000000E+001
  0.94941000000E+005,  0.14159917836E+007,  0.16500000000E+002,  0.00000000000E+000,  0.10000000000E+001
  0.94951000000E+005,  0.15517967743E+007,  0.16500000000E+002,  0.00000000000E+000,  0.10000000000E+001
  0.94961000000E+005,  0.16626125680E+007,  0.16500000000E+002,  0.00000000000E+000,  0.10000000000E+001
  0.94971000000E+005,  0.17552451681E+007,  0.16500000000E+002,  0.00000000000E+000,  0.10000000000E+001
  0.94981000000E+005,  0.18381208439E+007,  0.16500000000E+002,  0.00000000000E+000,  0.10000000000E+001
  0.94991000000E+005,  0.19160397615E+007,  0.16500000000E+002,  0.00000000000E+000,  0.10000000000E+001
  0.95001000000E+005,  0.19913362148E+007,  0.16500000000E+002,  0.00000000000E+000,  0.10000000000E+001
  0.95011000000E+005,  0.20645249251E+007,  0.16500000000E+002,  0.00000000000E+000,  0.10000000000E+001
  0.95021000000E+005,  0.21360441245E+007,  0.16500000000E+002,  0.00000000000E+000,  0.10000000000E+001
  0.95031000000E+005,  0.22057513410E+007,  0.16500000000E+002,  0.00000000000E+000,  0.10000000000E+001
