"           TIME(S)","              PRES","              TEMP","             SAT_G","             SAT_L"
  0.94877600000E+005,  0.99750120064E+006,  0.16500000000E+002,  0.00000000000E+000,  0.10000000000E+001
  0.94879600000E+005,  0.99750120064E+006,  0.16500000000E+002,  0.00000000000E+000,  0.10000000000E+001
  0.94882600000E+005,  0.99753047812E+006,  0.16500000000E+002,  0.00000000000E+000,  0.10000000000E+001
  0.94884200000E+005,  0.10106716413E+007,  0.16500000000E+002,  0.00000000000E+000,  0.10000000000E+001
  0.94887200000E+005,  0.99150045463E+006,  0.16500000000E+002,  0.00000000000E+000,  0.10000000000E+001
  0.94890200000E+005,  0.96760426950E+006,  0.16500000000E+002,  0.00000000000E+000,  0.10000000000E+001
  0.94890700000E+005,  0.94194594652E+006,  0.16500000000E+002,  0.00000000000E+000,  0.10000000000E+001
  0.94893700000E+005,  0.92849334599E+006,  0.16500000000E+002,  0.00000000000E+000,  0.10000000000E+001
  0.94896700000E+005,  0.91416075782E+006,  0.16500000000E+002,  0.00000000000E+000,  0.10000000000E+001
  0.94897300000E+005,  0.89824123060E+006,  0.16500000000E+002,  0.00000000000E+000,  0.10000000000E+001
  0.94900300000E+005,  0.89304913926E+006,  0.16500000000E+002,  0.00000000000E+000,  0.10000000000E+001
  0.94903300000E+005,  0.89476039573E+006,  0.16500000000E+002,  0.00000000000E+000,  0.10000000000E+001
  0.94903900000E+005,  0.91372466262E+006,  0.16500000000E+002,  0.00000000000E+000,  0.10000000000E+001
  0.94903900000E+005,  0.93842370011E+006,  0.16500000000E+002,  0.00000000000E+000,  0.10000000000E+001
