"           TIME(S)","              PRES","              TEMP","             SAT_G","             SAT_L"
  0.94932500000E+005,  0.17105205496E+007,  0.16500000000E+002,  0.00000000000E+000,  0.10000000000E+001
  0.94935000000E+005,  0.57416043476E+007,  0.16500000000E+002,  0.00000000000E+000,  0.10000000000E+001
  0.94935000000E+005,  0.57416043478E+007,  0.16500000000E+002,  0.00000000000E+000,  0.10000000000E+001
