"           TIME(S)","              PRES","              TEMP","             SAT_G","             SAT_L"
  0.94932500000E+005,  0.97428499535E+006,  0.16500000000E+002,  0.00000000000E+000,  0.10000000000E+001
  0.94935000000E+005,  0.97428499579E+006,  0.16500000000E+002,  0.00000000000E+000,  0.10000000000E+001
  0.94935000000E+005,  0.97428499579E+006,  0.16500000000E+002,  0.00000000000E+000,  0.10000000000E+001
