"           TIME(S)","              PRES","              TEMP","             SAT_G","             SAT_L"
  0.94878500000E+005,  0.34897753517E+006,  0.16500000000E+002,  0.00000000000E+000,  0.10000000000E+001
  0.94881000000E+005,  0.34897753517E+006,  0.16500000000E+002,  0.00000000000E+000,  0.10000000000E+001
  0.94884500000E+005,  0.21057426202E+007,  0.16500000000E+002,  0.00000000000E+000,  0.10000000000E+001
  0.94888000000E+005,  0.39022055852E+007,  0.16500000000E+002,  0.00000000000E+000,  0.10000000000E+001
  0.94891500000E+005,  0.55738018236E+007,  0.16500000000E+002,  0.00000000000E+000,  0.10000000000E+001
  0.94895000000E+005,  0.71724178704E+007,  0.16500000000E+002,  0.00000000000E+000,  0.10000000000E+001
  0.94898500000E+005,  0.87047862362E+007,  0.16500000000E+002,  0.00000000000E+000,  0.10000000000E+001
  0.94902000000E+005,  0.10176201769E+008,  0.16500000000E+002,  0.00000000000E+000,  0.10000000000E+001
  0.94905500000E+005,  0.11591331535E+008,  0.16500000000E+002,  0.00000000000E+000,  0.10000000000E+001
  0.94909000000E+005,  0.12746663677E+008,  0.16500000000E+002,  0.00000000000E+000,  0.10000000000E+001
  0.94912500000E+005,  0.13408195154E+008,  0.16500000000E+002,  0.00000000000E+000,  0.10000000000E+001
  0.94916000000E+005,  0.14688939866E+008,  0.16500000000E+002,  0.00000000000E+000,  0.10000000000E+001
  0.94919500000E+005,  0.16147780888E+008,  0.16500000000E+002,  0.00000000000E+000,  0.10000000000E+001
  0.94923000000E+005,  0.17055289807E+008,  0.16500000000E+002,  0.00000000000E+000,  0.10000000000E+001
  0.94924000000E+005,  0.17506714456E+008,  0.16500000000E+002,  0.00000000000E+000,  0.10000000000E+001
