"           TIME(S)","              PRES","              TEMP","             SAT_G","             SAT_L"
  0.94878500000E+005,  0.97502579774E+006,  0.16500000000E+002,  0.00000000000E+000,  0.10000000000E+001
  0.94879500000E+005,  0.97502579774E+006,  0.16500000000E+002,  0.00000000000E+000,  0.10000000000E+001
  0.94880500000E+005,  0.97502579774E+006,  0.16500000000E+002,  0.00000000000E+000,  0.10000000000E+001
  0.94881500000E+005,  0.97502579774E+006,  0.16500000000E+002,  0.00000000000E+000,  0.10000000000E+001
  0.94882500000E+005,  0.97502577376E+006,  0.16500000000E+002,  0.00000000000E+000,  0.10000000000E+001
  0.94883500000E+005,  0.97501623345E+006,  0.16500000000E+002,  0.00000000000E+000,  0.10000000000E+001
  0.94884500000E+005,  0.97502287073E+006,  0.16500000000E+002,  0.00000000000E+000,  0.10000000000E+001
  0.94885500000E+005,  0.97502479985E+006,  0.16500000000E+002,  0.00000000000E+000,  0.10000000000E+001
  0.94886500000E+005,  0.97502718215E+006,  0.16500000000E+002,  0.00000000000E+000,  0.10000000000E+001
  0.94887500000E+005,  0.97503187443E+006,  0.16500000000E+002,  0.00000000000E+000,  0.10000000000E+001
  0.94887500000E+005,  0.97503089891E+006,  0.16500000000E+002,  0.00000000000E+000,  0.10000000000E+001
