"           TIME(S)","              PRES","              TEMP","             SAT_G","             SAT_L"
  0.94878500000E+005,  0.99698092574E+006,  0.16500000000E+002,  0.00000000000E+000,  0.10000000000E+001
  0.94879500000E+005,  0.99698092574E+006,  0.16500000000E+002,  0.00000000000E+000,  0.10000000000E+001
  0.94880500000E+005,  0.99698092574E+006,  0.16500000000E+002,  0.00000000000E+000,  0.10000000000E+001
  0.94881500000E+005,  0.99698092574E+006,  0.16500000000E+002,  0.00000000000E+000,  0.10000000000E+001
  0.94882500000E+005,  0.13481003160E+007,  0.16500000000E+002,  0.00000000000E+000,  0.10000000000E+001
  0.94883500000E+005,  0.17987129986E+007,  0.16500000000E+002,  0.00000000000E+000,  0.10000000000E+001
  0.94884500000E+005,  0.23319455638E+007,  0.16500000000E+002,  0.00000000000E+000,  0.10000000000E+001
  0.94885500000E+005,  0.29214526973E+007,  0.16500000000E+002,  0.00000000000E+000,  0.10000000000E+001
  0.94886500000E+005,  0.35451338156E+007,  0.16500000000E+002,  0.00000000000E+000,  0.10000000000E+001
  0.94887500000E+005,  0.41879247380E+007,  0.16500000000E+002,  0.00000000000E+000,  0.10000000000E+001
  0.94887500000E+005,  0.44600971154E+007,  0.16500000000E+002,  0.00000000000E+000,  0.10000000000E+001
