"           TIME(S)","              PRES","              TEMP","             SAT_G","             SAT_L"
  0.94878500000E+005,  0.35718585603E+006,  0.16500000000E+002,  0.00000000000E+000,  0.10000000000E+001
  0.94880000000E+005,  0.35718585592E+006,  0.16500000000E+002,  0.00000000000E+000,  0.10000000000E+001
  0.94881500000E+005,  0.35718585581E+006,  0.16500000000E+002,  0.00000000000E+000,  0.10000000000E+001
  0.94883000000E+005,  0.35718585571E+006,  0.16500000000E+002,  0.00000000000E+000,  0.10000000000E+001
  0.94884500000E+005,  0.35718585560E+006,  0.16500000000E+002,  0.00000000000E+000,  0.10000000000E+001
  0.94886000000E+005,  0.35718585549E+006,  0.16500000000E+002,  0.00000000000E+000,  0.10000000000E+001
  0.94887500000E+005,  0.35718585539E+006,  0.16500000000E+002,  0.00000000000E+000,  0.10000000000E+001
  0.94889000000E+005,  0.35718585528E+006,  0.16500000000E+002,  0.00000000000E+000,  0.10000000000E+001
  0.94890500000E+005,  0.35718585518E+006,  0.16500000000E+002,  0.00000000000E+000,  0.10000000000E+001
  0.94892000000E+005,  0.35718585507E+006,  0.16500000000E+002,  0.00000000000E+000,  0.10000000000E+001
  0.94893500000E+005,  0.35718585497E+006,  0.16500000000E+002,  0.00000000000E+000,  0.10000000000E+001
  0.94895000000E+005,  0.35718585486E+006,  0.16500000000E+002,  0.00000000000E+000,  0.10000000000E+001
  0.94896500000E+005,  0.35718585476E+006,  0.16500000000E+002,  0.00000000000E+000,  0.10000000000E+001
  0.94898000000E+005,  0.35718585465E+006,  0.16500000000E+002,  0.00000000000E+000,  0.10000000000E+001
  0.94899500000E+005,  0.35718585455E+006,  0.16500000000E+002,  0.00000000000E+000,  0.10000000000E+001
  0.94900000000E+005,  0.35718585452E+006,  0.16500000000E+002,  0.00000000000E+000,  0.10000000000E+001
