"           TIME(S)","              PRES","              TEMP","             SAT_G","             SAT_L"
  0.94860000000E+005,  0.10447090044E+007,  0.16500000000E+002,  0.00000000000E+000,  0.10000000000E+001
  0.94864500000E+005,  0.10447090044E+007,  0.16500000000E+002,  0.00000000000E+000,  0.10000000000E+001
  0.94871100000E+005,  0.10447090044E+007,  0.16500000000E+002,  0.00000000000E+000,  0.10000000000E+001
  0.94877600000E+005,  0.10447090044E+007,  0.16500000000E+002,  0.00000000000E+000,  0.10000000000E+001
  0.94884200000E+005,  0.10447090046E+007,  0.16500000000E+002,  0.00000000000E+000,  0.10000000000E+001
  0.94890700000E+005,  0.10447090049E+007,  0.16500000000E+002,  0.00000000000E+000,  0.10000000000E+001
  0.94897300000E+005,  0.10447090052E+007,  0.16500000000E+002,  0.00000000000E+000,  0.10000000000E+001
  0.94903900000E+005,  0.10447090055E+007,  0.16500000000E+002,  0.00000000000E+000,  0.10000000000E+001
  0.94910400000E+005,  0.10447090057E+007,  0.16500000000E+002,  0.00000000000E+000,  0.10000000000E+001
  0.94917000000E+005,  0.10447090060E+007,  0.16500000000E+002,  0.00000000000E+000,  0.10000000000E+001
  0.94923500000E+005,  0.10447090062E+007,  0.16500000000E+002,  0.00000000000E+000,  0.10000000000E+001
  0.94930100000E+005,  0.10447090065E+007,  0.16500000000E+002,  0.00000000000E+000,  0.10000000000E+001
  0.94936600000E+005,  0.10447090067E+007,  0.16500000000E+002,  0.00000000000E+000,  0.10000000000E+001
  0.94943200000E+005,  0.10447090070E+007,  0.16500000000E+002,  0.00000000000E+000,  0.10000000000E+001
  0.94949800000E+005,  0.10447090073E+007,  0.16500000000E+002,  0.00000000000E+000,  0.10000000000E+001
  0.94956300000E+005,  0.10447090075E+007,  0.16500000000E+002,  0.00000000000E+000,  0.10000000000E+001
  0.94962900000E+005,  0.10447090078E+007,  0.16500000000E+002,  0.00000000000E+000,  0.10000000000E+001
  0.94969400000E+005,  0.10447090080E+007,  0.16500000000E+002,  0.00000000000E+000,  0.10000000000E+001
  0.94976000000E+005,  0.10447090083E+007,  0.16500000000E+002,  0.00000000000E+000,  0.10000000000E+001
  0.94986000000E+005,  0.10447090087E+007,  0.16500000000E+002,  0.00000000000E+000,  0.10000000000E+001
  0.94992600000E+005,  0.10447090089E+007,  0.16500000000E+002,  0.00000000000E+000,  0.10000000000E+001
