"           TIME(S)","              PRES","              TEMP","             SAT_G","             SAT_L"
  0.94878500000E+005,  0.27210021988E+006,  0.16500000000E+002,  0.00000000000E+000,  0.10000000000E+001
  0.94881000000E+005,  0.27210021988E+006,  0.16500000000E+002,  0.00000000000E+000,  0.10000000000E+001
  0.94884500000E+005,  0.27210021987E+006,  0.16500000000E+002,  0.00000000000E+000,  0.10000000000E+001
  0.94888000000E+005,  0.27210021986E+006,  0.16500000000E+002,  0.00000000000E+000,  0.10000000000E+001
  0.94891500000E+005,  0.27210021986E+006,  0.16500000000E+002,  0.00000000000E+000,  0.10000000000E+001
  0.94895000000E+005,  0.27210021985E+006,  0.16500000000E+002,  0.00000000000E+000,  0.10000000000E+001
  0.94898500000E+005,  0.27210021985E+006,  0.16500000000E+002,  0.00000000000E+000,  0.10000000000E+001
  0.94902000000E+005,  0.27210021984E+006,  0.16500000000E+002,  0.00000000000E+000,  0.10000000000E+001
  0.94905500000E+005,  0.27210021984E+006,  0.16500000000E+002,  0.00000000000E+000,  0.10000000000E+001
  0.94909000000E+005,  0.27210021983E+006,  0.16500000000E+002,  0.00000000000E+000,  0.10000000000E+001
  0.94912500000E+005,  0.27210021983E+006,  0.16500000000E+002,  0.00000000000E+000,  0.10000000000E+001
  0.94916000000E+005,  0.27210021982E+006,  0.16500000000E+002,  0.00000000000E+000,  0.10000000000E+001
  0.94919500000E+005,  0.27210021982E+006,  0.16500000000E+002,  0.00000000000E+000,  0.10000000000E+001
  0.94923000000E+005,  0.27210021981E+006,  0.16500000000E+002,  0.00000000000E+000,  0.10000000000E+001
  0.94924000000E+005,  0.27210021981E+006,  0.16500000000E+002,  0.00000000000E+000,  0.10000000000E+001
