"           TIME(S)","              PRES","              TEMP","             SAT_G","             SAT_L"
  0.94859000000E+005,  0.10416050730E+007,  0.16500000000E+002,  0.00000000000E+000,  0.10000000000E+001
  0.94860000000E+005,  0.10416050730E+007,  0.16500000000E+002,  0.00000000000E+000,  0.10000000000E+001
  0.94861000000E+005,  0.10416050730E+007,  0.16500000000E+002,  0.00000000000E+000,  0.10000000000E+001
  0.94862000000E+005,  0.10416050730E+007,  0.16500000000E+002,  0.00000000000E+000,  0.10000000000E+001
  0.94863000000E+005,  0.10416050730E+007,  0.16500000000E+002,  0.00000000000E+000,  0.10000000000E+001
  0.94864000000E+005,  0.10416050730E+007,  0.16500000000E+002,  0.00000000000E+000,  0.10000000000E+001
  0.94864500000E+005,  0.10416050730E+007,  0.16500000000E+002,  0.00000000000E+000,  0.10000000000E+001
  0.94865500000E+005,  0.10416050730E+007,  0.16500000000E+002,  0.00000000000E+000,  0.10000000000E+001
  0.94866500000E+005,  0.10416050730E+007,  0.16500000000E+002,  0.00000000000E+000,  0.10000000000E+001
  0.94867500000E+005,  0.10416050730E+007,  0.16500000000E+002,  0.00000000000E+000,  0.10000000000E+001
  0.94868500000E+005,  0.10416050730E+007,  0.16500000000E+002,  0.00000000000E+000,  0.10000000000E+001
