"           TIME(S)","              PRES","              TEMP","             SAT_G","             SAT_L"
  0.94878500000E+005,  0.34897753519E+006,  0.16500000000E+002,  0.00000000000E+000,  0.10000000000E+001
  0.94881000000E+005,  0.34897754373E+006,  0.16500000000E+002,  0.00000000000E+000,  0.10000000000E+001
  0.94884500000E+005,  0.21057426207E+007,  0.16500000000E+002,  0.00000000000E+000,  0.10000000000E+001
  0.94888000000E+005,  0.39022055853E+007,  0.16500000000E+002,  0.00000000000E+000,  0.10000000000E+001
  0.94891500000E+005,  0.55738018237E+007,  0.16500000000E+002,  0.00000000000E+000,  0.10000000000E+001
  0.94895000000E+005,  0.71724178706E+007,  0.16500000000E+002,  0.00000000000E+000,  0.10000000000E+001
  0.94898500000E+005,  0.87047862363E+007,  0.16500000000E+002,  0.00000000000E+000,  0.10000000000E+001
  0.94902000000E+005,  0.10176201769E+008,  0.16500000000E+002,  0.00000000000E+000,  0.10000000000E+001
  0.94905500000E+005,  0.11591331535E+008,  0.16500000000E+002,  0.00000000000E+000,  0.10000000000E+001
  0.94909000000E+005,  0.12746663656E+008,  0.16500000000E+002,  0.00000000000E+000,  0.10000000000E+001
  0.94912500000E+005,  0.13408194953E+008,  0.16500000000E+002,  0.00000000000E+000,  0.10000000000E+001
  0.94916000000E+005,  0.14688939737E+008,  0.16500000000E+002,  0.00000000000E+000,  0.10000000000E+001
  0.94919500000E+005,  0.16147780221E+008,  0.16500000000E+002,  0.00000000000E+000,  0.10000000000E+001
  0.94923000000E+005,  0.17055289361E+008,  0.16500000000E+002,  0.00000000000E+000,  0.10000000000E+001
  0.94924000000E+005,  0.17506714308E+008,  0.16500000000E+002,  0.00000000000E+000,  0.10000000000E+001
