"           TIME(S)","              PRES","              TEMP","             SAT_G","             SAT_L"
  0.94932500000E+005,  0.17095497508E+007,  0.16500000000E+002,  0.00000000000E+000,  0.10000000000E+001
  0.94935000000E+005,  0.57408058755E+007,  0.16500000000E+002,  0.00000000000E+000,  0.10000000000E+001
  0.94935000000E+005,  0.57408058758E+007,  0.16500000000E+002,  0.00000000000E+000,  0.10000000000E+001
