"           TIME(S)","              PRES","              TEMP","             SAT_G","             SAT_L"
  0.94880500000E+005,  0.49720744459E+006,  0.16500000000E+002,  0.00000000000E+000,  0.10000000000E+001
  0.94881000000E+005,  0.49720745185E+006,  0.16500000000E+002,  0.00000000000E+000,  0.10000000000E+001
  0.94881500000E+005,  0.49720721093E+006,  0.16500000000E+002,  0.00000000000E+000,  0.10000000000E+001
  0.94882000000E+005,  0.82516178451E+006,  0.16500000000E+002,  0.00000000000E+000,  0.10000000000E+001
  0.94882500000E+005,  0.12924174008E+007,  0.16500000000E+002,  0.00000000000E+000,  0.10000000000E+001
  0.94883000000E+005,  0.17342989841E+007,  0.16500000000E+002,  0.00000000000E+000,  0.10000000000E+001
  0.94883500000E+005,  0.22287321607E+007,  0.16500000000E+002,  0.00000000000E+000,  0.10000000000E+001
  0.94884000000E+005,  0.27121086276E+007,  0.16500000000E+002,  0.00000000000E+000,  0.10000000000E+001
  0.94884000000E+005,  0.28314375329E+007,  0.16500000000E+002,  0.00000000000E+000,  0.10000000000E+001
