"           TIME(S)","              PRES","              TEMP","             SAT_G","             SAT_L"
  0.94881000000E+005,  0.47882143832E+006,  0.16500000000E+002,  0.00000000000E+000,  0.10000000000E+001
  0.94882100000E+005,  0.64618233770E+006,  0.16500000000E+002,  0.00000000000E+000,  0.10000000000E+001
  0.94883200000E+005,  0.10510144619E+007,  0.16500000000E+002,  0.00000000000E+000,  0.10000000000E+001
  0.94884300000E+005,  0.15484744443E+007,  0.16500000000E+002,  0.00000000000E+000,  0.10000000000E+001
  0.94885400000E+005,  0.20848228600E+007,  0.16500000000E+002,  0.00000000000E+000,  0.10000000000E+001
  0.94886500000E+005,  0.26385823891E+007,  0.16500000000E+002,  0.00000000000E+000,  0.10000000000E+001
  0.94887600000E+005,  0.32005991585E+007,  0.16500000000E+002,  0.00000000000E+000,  0.10000000000E+001
  0.94888700000E+005,  0.37667091795E+007,  0.16500000000E+002,  0.00000000000E+000,  0.10000000000E+001
  0.94889800000E+005,  0.43348721987E+007,  0.16500000000E+002,  0.00000000000E+000,  0.10000000000E+001
  0.94889800000E+005,  0.43348721987E+007,  0.16500000000E+002,  0.00000000000E+000,  0.10000000000E+001
