"           TIME(S)","              PRES","              TEMP","             SAT_G","             SAT_L"
  0.94880500000E+005,  0.49991353866E+006,  0.16500000000E+002,  0.00000000000E+000,  0.10000000000E+001
  0.94881000000E+005,  0.49991340485E+006,  0.16500000000E+002,  0.00000000000E+000,  0.10000000000E+001
  0.94881500000E+005,  0.49991312352E+006,  0.16500000000E+002,  0.00000000000E+000,  0.10000000000E+001
  0.94882000000E+005,  0.49991277459E+006,  0.16500000000E+002,  0.00000000000E+000,  0.10000000000E+001
  0.94882500000E+005,  0.49991280580E+006,  0.16500000000E+002,  0.00000000000E+000,  0.10000000000E+001
  0.94883000000E+005,  0.49991287563E+006,  0.16500000000E+002,  0.00000000000E+000,  0.10000000000E+001
  0.94883500000E+005,  0.49992615673E+006,  0.16500000000E+002,  0.00000000000E+000,  0.10000000000E+001
  0.94884000000E+005,  0.49993510075E+006,  0.16500000000E+002,  0.00000000000E+000,  0.10000000000E+001
  0.94884000000E+005,  0.49993166406E+006,  0.16500000000E+002,  0.00000000000E+000,  0.10000000000E+001
