"           TIME(S)","              PRES","              TEMP","             SAT_G","             SAT_L"
  0.94880500000E+005,  0.47380300430E+006,  0.16500000000E+002,  0.00000000000E+000,  0.10000000000E+001
  0.94881000000E+005,  0.47380334551E+006,  0.16500000000E+002,  0.00000000000E+000,  0.10000000000E+001
  0.94881500000E+005,  0.47380357382E+006,  0.16500000000E+002,  0.00000000000E+000,  0.10000000000E+001
  0.94882000000E+005,  0.47380344333E+006,  0.16500000000E+002,  0.00000000000E+000,  0.10000000000E+001
  0.94882500000E+005,  0.47380341700E+006,  0.16500000000E+002,  0.00000000000E+000,  0.10000000000E+001
  0.94883000000E+005,  0.47380400023E+006,  0.16500000000E+002,  0.00000000000E+000,  0.10000000000E+001
  0.94883500000E+005,  0.47380613206E+006,  0.16500000000E+002,  0.00000000000E+000,  0.10000000000E+001
  0.94884000000E+005,  0.47380816465E+006,  0.16500000000E+002,  0.00000000000E+000,  0.10000000000E+001
  0.94884000000E+005,  0.47380267266E+006,  0.16500000000E+002,  0.00000000000E+000,  0.10000000000E+001
