"           TIME(S)","              PRES","              TEMP","             SAT_G","             SAT_L"
  0.94880500000E+005,  0.49843934290E+006,  0.16500000000E+002,  0.00000000000E+000,  0.10000000000E+001
  0.94881000000E+005,  0.49843924334E+006,  0.16500000000E+002,  0.00000000000E+000,  0.10000000000E+001
  0.94881500000E+005,  0.49843889313E+006,  0.16500000000E+002,  0.00000000000E+000,  0.10000000000E+001
  0.94882000000E+005,  0.82637996730E+006,  0.16500000000E+002,  0.00000000000E+000,  0.10000000000E+001
  0.94882500000E+005,  0.12934718728E+007,  0.16500000000E+002,  0.00000000000E+000,  0.10000000000E+001
  0.94883000000E+005,  0.17369841333E+007,  0.16500000000E+002,  0.00000000000E+000,  0.10000000000E+001
  0.94883500000E+005,  0.22304522955E+007,  0.16500000000E+002,  0.00000000000E+000,  0.10000000000E+001
  0.94884000000E+005,  0.27155206179E+007,  0.16500000000E+002,  0.00000000000E+000,  0.10000000000E+001
  0.94884000000E+005,  0.28486075162E+007,  0.16500000000E+002,  0.00000000000E+000,  0.10000000000E+001
