"           TIME(S)","              PRES","              TEMP","             SAT_G","             SAT_L"
  0.94881000000E+005,  0.49470293772E+006,  0.16500000000E+002,  0.00000000000E+000,  0.10000000000E+001
  0.94882100000E+005,  0.49470227083E+006,  0.16500000000E+002,  0.00000000000E+000,  0.10000000000E+001
  0.94883200000E+005,  0.49470221433E+006,  0.16500000000E+002,  0.00000000000E+000,  0.10000000000E+001
  0.94884300000E+005,  0.49469927928E+006,  0.16500000000E+002,  0.00000000000E+000,  0.10000000000E+001
  0.94885400000E+005,  0.49470578061E+006,  0.16500000000E+002,  0.00000000000E+000,  0.10000000000E+001
  0.94886500000E+005,  0.49470669271E+006,  0.16500000000E+002,  0.00000000000E+000,  0.10000000000E+001
  0.94887600000E+005,  0.49470575713E+006,  0.16500000000E+002,  0.00000000000E+000,  0.10000000000E+001
  0.94888700000E+005,  0.49470415115E+006,  0.16500000000E+002,  0.00000000000E+000,  0.10000000000E+001
  0.94889800000E+005,  0.49470810665E+006,  0.16500000000E+002,  0.00000000000E+000,  0.10000000000E+001
  0.94889800000E+005,  0.49470508667E+006,  0.16500000000E+002,  0.00000000000E+000,  0.10000000000E+001
