"           TIME(S)","              PRES","              TEMP","             SAT_G","             SAT_L"
  0.94881000000E+005,  0.46016413506E+006,  0.16500000000E+002,  0.00000000000E+000,  0.10000000000E+001
  0.94882100000E+005,  0.46016896764E+006,  0.16500000000E+002,  0.00000000000E+000,  0.10000000000E+001
  0.94883200000E+005,  0.46014980319E+006,  0.16500000000E+002,  0.00000000000E+000,  0.10000000000E+001
  0.94884300000E+005,  0.46017145117E+006,  0.16500000000E+002,  0.00000000000E+000,  0.10000000000E+001
  0.94885400000E+005,  0.46015867810E+006,  0.16500000000E+002,  0.00000000000E+000,  0.10000000000E+001
  0.94886500000E+005,  0.46014890710E+006,  0.16500000000E+002,  0.00000000000E+000,  0.10000000000E+001
  0.94887600000E+005,  0.46016070802E+006,  0.16500000000E+002,  0.00000000000E+000,  0.10000000000E+001
  0.94888700000E+005,  0.46015070944E+006,  0.16500000000E+002,  0.00000000000E+000,  0.10000000000E+001
  0.94889800000E+005,  0.46015329059E+006,  0.16500000000E+002,  0.00000000000E+000,  0.10000000000E+001
  0.94889800000E+005,  0.46015200734E+006,  0.16500000000E+002,  0.00000000000E+000,  0.10000000000E+001
