"           TIME(S)","              PRES","              TEMP","             SAT_G","             SAT_L"
  0.18228700000E+008,  0.20000000000E+007,  0.19000000000E+002,  0.00000000000E+000,  0.10000000000E+001
  0.18228700000E+008,  0.20000000000E+007,  0.19000000000E+002,  0.00000000000E+000,  0.10000000000E+001
  0.18228700000E+008,  0.20000000000E+007,  0.19000000000E+002,  0.00000000000E+000,  0.10000000000E+001
  0.18228700000E+008,  0.20000000000E+007,  0.19000000000E+002,  0.00000000000E+000,  0.10000000000E+001
  0.18228700000E+008,  0.20000000000E+007,  0.19000000000E+002,  0.00000000000E+000,  0.10000000000E+001
  0.18228700001E+008,  0.20000000000E+007,  0.19000000000E+002,  0.00000000000E+000,  0.10000000000E+001
  0.18228700001E+008,  0.20000000000E+007,  0.19000000000E+002,  0.00000000000E+000,  0.10000000000E+001
  0.18228700001E+008,  0.20000000000E+007,  0.19000000000E+002,  0.00000000000E+000,  0.10000000000E+001
  0.18228700001E+008,  0.20000000000E+007,  0.19000000000E+002,  0.00000000000E+000,  0.10000000000E+001
  0.18228700001E+008,  0.20000000000E+007,  0.19000000000E+002,  0.00000000000E+000,  0.10000000000E+001
  0.18228700001E+008,  0.20000000000E+007,  0.19000000000E+002,  0.00000000000E+000,  0.10000000000E+001
  0.18228700001E+008,  0.20000000000E+007,  0.19000000000E+002,  0.00000000000E+000,  0.10000000000E+001
  0.18228700001E+008,  0.20000000000E+007,  0.19000000000E+002,  0.00000000000E+000,  0.10000000000E+001
  0.18228700001E+008,  0.20000000000E+007,  0.19000000000E+002,  0.00000000000E+000,  0.10000000000E+001
  0.18228700001E+008,  0.20000000000E+007,  0.19000000000E+002,  0.00000000000E+000,  0.10000000000E+001
  0.18228700001E+008,  0.20000000000E+007,  0.19000000000E+002,  0.00000000000E+000,  0.10000000000E+001
  0.18228700001E+008,  0.20000000000E+007,  0.19000000000E+002,  0.00000000000E+000,  0.10000000000E+001
