"           TIME(S)","              PRES","              TEMP","             SAT_G","             SAT_L"
  0.18228700000E+008,  0.19999936507E+007,  0.19000000000E+002,  0.00000000000E+000,  0.10000000000E+001
  0.18228700000E+008,  0.19999425986E+007,  0.19000000000E+002,  0.00000000000E+000,  0.10000000000E+001
  0.18228700000E+008,  0.19995453589E+007,  0.19000000000E+002,  0.00000000000E+000,  0.10000000000E+001
  0.18228700000E+008,  0.19969872606E+007,  0.19000000000E+002,  0.00000000000E+000,  0.10000000000E+001
  0.18228700000E+008,  0.19966474260E+007,  0.19000000000E+002,  0.00000000000E+000,  0.10000000000E+001
  0.18228700001E+008,  0.19947620695E+007,  0.19000000000E+002,  0.00000000000E+000,  0.10000000000E+001
  0.18228700001E+008,  0.19947560562E+007,  0.19000000000E+002,  0.00000000000E+000,  0.10000000000E+001
  0.18228700001E+008,  0.19947259423E+007,  0.19000000000E+002,  0.00000000000E+000,  0.10000000000E+001
  0.18228700001E+008,  0.19947256482E+007,  0.19000000000E+002,  0.00000000000E+000,  0.10000000000E+001
  0.18228700001E+008,  0.19947254644E+007,  0.19000000000E+002,  0.00000000000E+000,  0.10000000000E+001
  0.18228700001E+008,  0.19947253496E+007,  0.19000000000E+002,  0.00000000000E+000,  0.10000000000E+001
  0.18228700001E+008,  0.19947247752E+007,  0.19000000000E+002,  0.00000000000E+000,  0.10000000000E+001
  0.18228700001E+008,  0.19947247695E+007,  0.19000000000E+002,  0.00000000000E+000,  0.10000000000E+001
  0.18228700001E+008,  0.19947247415E+007,  0.19000000000E+002,  0.00000000000E+000,  0.10000000000E+001
  0.18228700001E+008,  0.19947247393E+007,  0.19000000000E+002,  0.00000000000E+000,  0.10000000000E+001
  0.18228700001E+008,  0.19947247379E+007,  0.19000000000E+002,  0.00000000000E+000,  0.10000000000E+001
  0.18228700001E+008,  0.19947247311E+007,  0.19000000000E+002,  0.00000000000E+000,  0.10000000000E+001
