"           TIME(S)","              PRES","              TEMP","             SAT_G","             SAT_L"
  0.50000000000E+000,  0.20000213677E+007,  0.19000000000E+002,  0.00000000000E+000,  0.10000000000E+001
  0.25000000000E+001,  0.20000444774E+007,  0.19000000000E+002,  0.00000000000E+000,  0.10000000000E+001
  0.45000000000E+001,  0.20000589953E+007,  0.19000000000E+002,  0.00000000000E+000,  0.10000000000E+001
  0.65000000000E+001,  0.20000706074E+007,  0.19000000000E+002,  0.00000000000E+000,  0.10000000000E+001
  0.85000000000E+001,  0.20000805925E+007,  0.19000000000E+002,  0.00000000000E+000,  0.10000000000E+001
  0.10500000000E+002,  0.20000894881E+007,  0.19000000000E+002,  0.00000000000E+000,  0.10000000000E+001
  0.12500000000E+002,  0.20000975893E+007,  0.19000000000E+002,  0.00000000000E+000,  0.10000000000E+001
  0.14500000000E+002,  0.20001050787E+007,  0.19000000000E+002,  0.00000000000E+000,  0.10000000000E+001
  0.16500000000E+002,  0.20001050787E+007,  0.19000000000E+002,  0.00000000000E+000,  0.10000000000E+001
  0.18500000000E+002,  0.20001050787E+007,  0.19000000000E+002,  0.00000000000E+000,  0.10000000000E+001
  0.20500000000E+002,  0.20001050787E+007,  0.19000000000E+002,  0.00000000000E+000,  0.10000000000E+001
  0.22500000000E+002,  0.20001050787E+007,  0.19000000000E+002,  0.00000000000E+000,  0.10000000000E+001
  0.24500000000E+002,  0.20001050787E+007,  0.19000000000E+002,  0.00000000000E+000,  0.10000000000E+001
  0.26500000000E+002,  0.20001050787E+007,  0.19000000000E+002,  0.00000000000E+000,  0.10000000000E+001
  0.28500000000E+002,  0.20001050787E+007,  0.19000000000E+002,  0.00000000000E+000,  0.10000000000E+001
  0.30500000000E+002,  0.20001050787E+007,  0.19000000000E+002,  0.00000000000E+000,  0.10000000000E+001
  0.32500000000E+002,  0.20001050787E+007,  0.19000000000E+002,  0.00000000000E+000,  0.10000000000E+001
  0.34500000000E+002,  0.20001050787E+007,  0.19000000000E+002,  0.00000000000E+000,  0.10000000000E+001
