"           TIME(S)","              PRES","              TEMP","             SAT_G","             SAT_L"
  0.32481000000E+005,  0.96167004251E+006,  0.16500000000E+002,  0.00000000000E+000,  0.10000000000E+001
  0.32486000000E+005,  0.30396502520E+007,  0.16500000000E+002,  0.00000000000E+000,  0.10000000000E+001
  0.32511000000E+005,  0.76928320623E+007,  0.16500000000E+002,  0.00000000000E+000,  0.10000000000E+001
  0.32600000000E+005,  0.44904979957E+008,  0.16500000000E+002,  0.00000000000E+000,  0.10000000000E+001
