"           TIME(S)","              PRES","              TEMP","             SAT_G","             SAT_L"
  0.32481000000E+005,  0.95323325721E+006,  0.16500000000E+002,  0.00000000000E+000,  0.10000000000E+001
  0.32486000000E+005,  0.30024437750E+007,  0.16500000000E+002,  0.00000000000E+000,  0.10000000000E+001
  0.32511000000E+005,  0.76714911603E+007,  0.16500000000E+002,  0.00000000000E+000,  0.10000000000E+001
  0.32600000000E+005,  0.44898953411E+008,  0.16500000000E+002,  0.00000000000E+000,  0.10000000000E+001
