"           TIME(S)","              PRES","              TEMP","             SAT_G","             SAT_L"
  0.94860000000E+005,  0.99750024190E+006,  0.16500000000E+002,  0.00000000000E+000,  0.10000000000E+001
  0.94864500000E+005,  0.99750024170E+006,  0.16500000000E+002,  0.00000000000E+000,  0.10000000000E+001
  0.94871100000E+005,  0.99750024170E+006,  0.16500000000E+002,  0.00000000000E+000,  0.10000000000E+001
  0.94877600000E+005,  0.99750024170E+006,  0.16500000000E+002,  0.00000000000E+000,  0.10000000000E+001
  0.94884200000E+005,  0.99790115495E+006,  0.16500000000E+002,  0.00000000000E+000,  0.10000000000E+001
  0.94890700000E+005,  0.99926089287E+006,  0.16500000000E+002,  0.00000000000E+000,  0.10000000000E+001
  0.94897300000E+005,  0.10016169174E+007,  0.16500000000E+002,  0.00000000000E+000,  0.10000000000E+001
  0.94903900000E+005,  0.10049302145E+007,  0.16500000000E+002,  0.00000000000E+000,  0.10000000000E+001
  0.94910400000E+005,  0.10091054280E+007,  0.16500000000E+002,  0.00000000000E+000,  0.10000000000E+001
  0.94917000000E+005,  0.10144331114E+007,  0.16500000000E+002,  0.00000000000E+000,  0.10000000000E+001
  0.94923500000E+005,  0.10205944506E+007,  0.16500000000E+002,  0.00000000000E+000,  0.10000000000E+001
  0.94930100000E+005,  0.10285345096E+007,  0.16500000000E+002,  0.00000000000E+000,  0.10000000000E+001
  0.94936600000E+005,  0.10401283704E+007,  0.16500000000E+002,  0.00000000000E+000,  0.10000000000E+001
  0.94943200000E+005,  0.10561168869E+007,  0.16500000000E+002,  0.00000000000E+000,  0.10000000000E+001
  0.94949800000E+005,  0.10768317030E+007,  0.16500000000E+002,  0.00000000000E+000,  0.10000000000E+001
  0.94956300000E+005,  0.11017931827E+007,  0.16500000000E+002,  0.00000000000E+000,  0.10000000000E+001
  0.94962900000E+005,  0.11316160375E+007,  0.16500000000E+002,  0.00000000000E+000,  0.10000000000E+001
  0.94969400000E+005,  0.11652594263E+007,  0.16500000000E+002,  0.00000000000E+000,  0.10000000000E+001
  0.94976000000E+005,  0.12037539056E+007,  0.16500000000E+002,  0.00000000000E+000,  0.10000000000E+001
  0.94986000000E+005,  0.12717892455E+007,  0.16500000000E+002,  0.00000000000E+000,  0.10000000000E+001
  0.94992600000E+005,  0.13208556675E+007,  0.16500000000E+002,  0.00000000000E+000,  0.10000000000E+001
