"           TIME(S)","              PRES","              TEMP","             SAT_G","             SAT_L"
  0.32480100000E+005,  0.89373721730E+006,  0.16500000000E+002,  0.00000000000E+000,  0.10000000000E+001
  0.32480600000E+005,  0.89425064610E+006,  0.16500000000E+002,  0.00000000000E+000,  0.10000000000E+001
  0.32483100000E+005,  0.12488668449E+007,  0.16500000000E+002,  0.00000000000E+000,  0.10000000000E+001
  0.32493100000E+005,  0.19740763290E+007,  0.16500000000E+002,  0.00000000000E+000,  0.10000000000E+001
  0.32503100000E+005,  0.22650939746E+007,  0.16500000000E+002,  0.00000000000E+000,  0.10000000000E+001
  0.32513100000E+005,  0.24388035177E+007,  0.16500000000E+002,  0.00000000000E+000,  0.10000000000E+001
  0.32523100000E+005,  0.27106363777E+007,  0.16500000000E+002,  0.00000000000E+000,  0.10000000000E+001
  0.32533100000E+005,  0.41575293299E+007,  0.16500000000E+002,  0.00000000000E+000,  0.10000000000E+001
  0.32543100000E+005,  0.76910396114E+007,  0.16500000000E+002,  0.00000000000E+000,  0.10000000000E+001
  0.32553100000E+005,  0.92273205595E+007,  0.16500000000E+002,  0.00000000000E+000,  0.10000000000E+001
  0.32555000000E+005,  0.93728924690E+007,  0.16500000000E+002,  0.00000000000E+000,  0.10000000000E+001
