"           TIME(S)","              PRES","              TEMP","             SAT_G","             SAT_L"
  0.32480500000E+005,  0.85044803056E+006,  0.16500000000E+002,  0.00000000000E+000,  0.10000000000E+001
  0.32483000000E+005,  0.96340355409E+006,  0.16500000000E+002,  0.00000000000E+000,  0.10000000000E+001
  0.32493000000E+005,  0.11851320049E+007,  0.16500000000E+002,  0.00000000000E+000,  0.10000000000E+001
  0.32503000000E+005,  0.12480645067E+007,  0.16500000000E+002,  0.00000000000E+000,  0.10000000000E+001
  0.32513000000E+005,  0.12838886130E+007,  0.16500000000E+002,  0.00000000000E+000,  0.10000000000E+001
  0.32523000000E+005,  0.13697315359E+007,  0.16500000000E+002,  0.00000000000E+000,  0.10000000000E+001
  0.32533000000E+005,  0.19158412711E+007,  0.16500000000E+002,  0.00000000000E+000,  0.10000000000E+001
  0.32543000000E+005,  0.32904483451E+007,  0.16500000000E+002,  0.00000000000E+000,  0.10000000000E+001
  0.32553000000E+005,  0.37599437405E+007,  0.16500000000E+002,  0.00000000000E+000,  0.10000000000E+001
  0.32555000000E+005,  0.37836097479E+007,  0.16500000000E+002,  0.00000000000E+000,  0.10000000000E+001
