"           TIME(S)","              PRES","              TEMP","             SAT_G","             SAT_L"
  0.32480500000E+005,  0.85072402297E+006,  0.16500000000E+002,  0.00000000000E+000,  0.10000000000E+001
  0.32483000000E+005,  0.96452454837E+006,  0.16500000000E+002,  0.00000000000E+000,  0.10000000000E+001
  0.32493000000E+005,  0.11871175884E+007,  0.16500000000E+002,  0.00000000000E+000,  0.10000000000E+001
  0.32503000000E+005,  0.12500156794E+007,  0.16500000000E+002,  0.00000000000E+000,  0.10000000000E+001
  0.32513000000E+005,  0.12857926569E+007,  0.16500000000E+002,  0.00000000000E+000,  0.10000000000E+001
  0.32523000000E+005,  0.13718862521E+007,  0.16500000000E+002,  0.00000000000E+000,  0.10000000000E+001
  0.32533000000E+005,  0.19203309056E+007,  0.16500000000E+002,  0.00000000000E+000,  0.10000000000E+001
  0.32543000000E+005,  0.33005171494E+007,  0.16500000000E+002,  0.00000000000E+000,  0.10000000000E+001
  0.32553000000E+005,  0.37701959353E+007,  0.16500000000E+002,  0.00000000000E+000,  0.10000000000E+001
  0.32555000000E+005,  0.37934895143E+007,  0.16500000000E+002,  0.00000000000E+000,  0.10000000000E+001
