"           TIME(S)","              PRES","              TEMP","             SAT_G","             SAT_L"
  0.94880000000E+005,  0.99772178276E+006,  0.16500000000E+002,  0.00000000000E+000,  0.10000000000E+001
  0.94890000000E+005,  0.99772292599E+006,  0.16500000000E+002,  0.00000000000E+000,  0.10000000000E+001
  0.94900000000E+005,  0.99772540970E+006,  0.16500000000E+002,  0.00000000000E+000,  0.10000000000E+001
  0.94910000000E+005,  0.99772921723E+006,  0.16500000000E+002,  0.00000000000E+000,  0.10000000000E+001
  0.94920000000E+005,  0.99773452504E+006,  0.16500000000E+002,  0.00000000000E+000,  0.10000000000E+001
  0.94930000000E+005,  0.99774179147E+006,  0.16500000000E+002,  0.00000000000E+000,  0.10000000000E+001
  0.94940000000E+005,  0.99775455999E+006,  0.16500000000E+002,  0.00000000000E+000,  0.10000000000E+001
  0.94950000000E+005,  0.99777365526E+006,  0.16500000000E+002,  0.00000000000E+000,  0.10000000000E+001
  0.94960000000E+005,  0.99779923528E+006,  0.16500000000E+002,  0.00000000000E+000,  0.10000000000E+001
  0.94970000000E+005,  0.99783108693E+006,  0.16500000000E+002,  0.00000000000E+000,  0.10000000000E+001
  0.94980000000E+005,  0.99786912053E+006,  0.16500000000E+002,  0.00000000000E+000,  0.10000000000E+001
  0.94990000000E+005,  0.99791324502E+006,  0.16500000000E+002,  0.00000000000E+000,  0.10000000000E+001
  0.94992600000E+005,  0.99792512756E+006,  0.16500000000E+002,  0.00000000000E+000,  0.10000000000E+001
