"           TIME(S)","              PRES","              TEMP","             SAT_G","             SAT_L"
  0.94860000000E+005,  0.99750424170E+006,  0.16500000000E+002,  0.00000000000E+000,  0.10000000000E+001
  0.94864500000E+005,  0.99751067183E+006,  0.16500000000E+002,  0.00000000000E+000,  0.10000000000E+001
  0.94871100000E+005,  0.99751920882E+006,  0.16500000000E+002,  0.00000000000E+000,  0.10000000000E+001
  0.94877600000E+005,  0.99752676123E+006,  0.16500000000E+002,  0.00000000000E+000,  0.10000000000E+001
  0.94884200000E+005,  0.99753356882E+006,  0.16500000000E+002,  0.00000000000E+000,  0.10000000000E+001
  0.94890700000E+005,  0.99753946030E+006,  0.16500000000E+002,  0.00000000000E+000,  0.10000000000E+001
  0.94897300000E+005,  0.99754462664E+006,  0.16500000000E+002,  0.00000000000E+000,  0.10000000000E+001
  0.94903900000E+005,  0.99754899713E+006,  0.16500000000E+002,  0.00000000000E+000,  0.10000000000E+001
  0.94910400000E+005,  0.99755254543E+006,  0.16500000000E+002,  0.00000000000E+000,  0.10000000000E+001
  0.94917000000E+005,  0.99755538219E+006,  0.16500000000E+002,  0.00000000000E+000,  0.10000000000E+001
  0.94923500000E+005,  0.99755744239E+006,  0.16500000000E+002,  0.00000000000E+000,  0.10000000000E+001
  0.94930100000E+005,  0.99755878486E+006,  0.16500000000E+002,  0.00000000000E+000,  0.10000000000E+001
  0.94936600000E+005,  0.99755938415E+006,  0.16500000000E+002,  0.00000000000E+000,  0.10000000000E+001
  0.94943200000E+005,  0.99755924933E+006,  0.16500000000E+002,  0.00000000000E+000,  0.10000000000E+001
  0.94949800000E+005,  0.99755837117E+006,  0.16500000000E+002,  0.00000000000E+000,  0.10000000000E+001
  0.94956300000E+005,  0.99755678386E+006,  0.16500000000E+002,  0.00000000000E+000,  0.10000000000E+001
  0.94962900000E+005,  0.99755442445E+006,  0.16500000000E+002,  0.00000000000E+000,  0.10000000000E+001
  0.94969400000E+005,  0.99755137202E+006,  0.16500000000E+002,  0.00000000000E+000,  0.10000000000E+001
  0.94976000000E+005,  0.99754751679E+006,  0.16500000000E+002,  0.00000000000E+000,  0.10000000000E+001
  0.94986000000E+005,  0.99753992276E+006,  0.16500000000E+002,  0.00000000000E+000,  0.10000000000E+001
  0.94992600000E+005,  0.99753414190E+006,  0.16500000000E+002,  0.00000000000E+000,  0.10000000000E+001
