"           TIME(S)","              PRES","              TEMP","             SAT_G","             SAT_L"
  0.32480100000E+005,  0.89439026245E+006,  0.16500000000E+002,  0.00000000000E+000,  0.10000000000E+001
  0.32480600000E+005,  0.89490108167E+006,  0.16500000000E+002,  0.00000000000E+000,  0.10000000000E+001
  0.32483100000E+005,  0.12504944132E+007,  0.16500000000E+002,  0.00000000000E+000,  0.10000000000E+001
  0.32493100000E+005,  0.19799224907E+007,  0.16500000000E+002,  0.00000000000E+000,  0.10000000000E+001
  0.32503100000E+005,  0.22726693523E+007,  0.16500000000E+002,  0.00000000000E+000,  0.10000000000E+001
  0.32513100000E+005,  0.24472054946E+007,  0.16500000000E+002,  0.00000000000E+000,  0.10000000000E+001
  0.32523100000E+005,  0.27202192781E+007,  0.16500000000E+002,  0.00000000000E+000,  0.10000000000E+001
  0.32533100000E+005,  0.41737402428E+007,  0.16500000000E+002,  0.00000000000E+000,  0.10000000000E+001
  0.32540000000E+005,  0.71339866399E+007,  0.16500000000E+002,  0.00000000000E+000,  0.10000000000E+001
