"           TIME(S)","              PRES","              TEMP","             SAT_G","             SAT_L"
  0.32481000000E+005,  0.89812988738E+006,  0.16500000000E+002,  0.00000000000E+000,  0.10000000000E+001
  0.32486000000E+005,  0.15782948503E+007,  0.16500000000E+002,  0.00000000000E+000,  0.10000000000E+001
  0.32511000000E+005,  0.23339820459E+007,  0.16500000000E+002,  0.00000000000E+000,  0.10000000000E+001
  0.32550000000E+005,  0.62888660025E+007,  0.16500000000E+002,  0.00000000000E+000,  0.10000000000E+001
