"           TIME(S)","              PRES","              TEMP","             SAT_G","             SAT_L"
  0.94860000000E+005,  0.97664392946E+006,  0.16500000000E+002,  0.00000000000E+000,  0.10000000000E+001
  0.94870000000E+005,  0.97664392946E+006,  0.16500000000E+002,  0.00000000000E+000,  0.10000000000E+001
  0.94878000000E+005,  0.97664392946E+006,  0.16500000000E+002,  0.00000000000E+000,  0.10000000000E+001
  0.94888000000E+005,  0.97664392901E+006,  0.16500000000E+002,  0.00000000000E+000,  0.10000000000E+001
  0.94898000000E+005,  0.97664392855E+006,  0.16500000000E+002,  0.00000000000E+000,  0.10000000000E+001
  0.94908000000E+005,  0.97664392809E+006,  0.16500000000E+002,  0.00000000000E+000,  0.10000000000E+001
  0.94918000000E+005,  0.97664392762E+006,  0.16500000000E+002,  0.00000000000E+000,  0.10000000000E+001
  0.94928000000E+005,  0.97664392715E+006,  0.16500000000E+002,  0.00000000000E+000,  0.10000000000E+001
  0.94938000000E+005,  0.97664392667E+006,  0.16500000000E+002,  0.00000000000E+000,  0.10000000000E+001
  0.94948000000E+005,  0.97664392618E+006,  0.16500000000E+002,  0.00000000000E+000,  0.10000000000E+001
  0.94958000000E+005,  0.97664392570E+006,  0.16500000000E+002,  0.00000000000E+000,  0.10000000000E+001
  0.94968000000E+005,  0.97664392520E+006,  0.16500000000E+002,  0.00000000000E+000,  0.10000000000E+001
  0.94978000000E+005,  0.97664392471E+006,  0.16500000000E+002,  0.00000000000E+000,  0.10000000000E+001
  0.94988000000E+005,  0.97664392421E+006,  0.16500000000E+002,  0.00000000000E+000,  0.10000000000E+001
  0.94992600000E+005,  0.97664392398E+006,  0.16500000000E+002,  0.00000000000E+000,  0.10000000000E+001
