"           TIME(S)","              PRES","              TEMP","             SAT_G","             SAT_L"
  0.32481000000E+005,  0.89358582917E+006,  0.16500000000E+002,  0.00000000000E+000,  0.10000000000E+001
  0.32486000000E+005,  0.15876452894E+007,  0.16500000000E+002,  0.00000000000E+000,  0.10000000000E+001
  0.32511000000E+005,  0.23546406668E+007,  0.16500000000E+002,  0.00000000000E+000,  0.10000000000E+001
  0.32550000000E+005,  0.63740856375E+007,  0.16500000000E+002,  0.00000000000E+000,  0.10000000000E+001
