"           TIME(S)","              PRES","              TEMP","             SAT_G","             SAT_L"
  0.32480500000E+005,  0.85622655917E+006,  0.16500000000E+002,  0.00000000000E+000,  0.10000000000E+001
  0.32483000000E+005,  0.96451877781E+006,  0.16500000000E+002,  0.00000000000E+000,  0.10000000000E+001
  0.32493000000E+005,  0.11816342963E+007,  0.16500000000E+002,  0.00000000000E+000,  0.10000000000E+001
  0.32503000000E+005,  0.12439841957E+007,  0.16500000000E+002,  0.00000000000E+000,  0.10000000000E+001
  0.32513000000E+005,  0.12795390237E+007,  0.16500000000E+002,  0.00000000000E+000,  0.10000000000E+001
  0.32523000000E+005,  0.13637979763E+007,  0.16500000000E+002,  0.00000000000E+000,  0.10000000000E+001
  0.32533000000E+005,  0.18977114892E+007,  0.16500000000E+002,  0.00000000000E+000,  0.10000000000E+001
  0.32543000000E+005,  0.32424794764E+007,  0.16500000000E+002,  0.00000000000E+000,  0.10000000000E+001
  0.32553000000E+005,  0.37067956554E+007,  0.16500000000E+002,  0.00000000000E+000,  0.10000000000E+001
  0.32555000000E+005,  0.37313418248E+007,  0.16500000000E+002,  0.00000000000E+000,  0.10000000000E+001
