"           TIME(S)","              PRES","              TEMP","             SAT_G","             SAT_L"
  0.32480100000E+005,  0.89103118491E+006,  0.16500000000E+002,  0.00000000000E+000,  0.10000000000E+001
  0.32480600000E+005,  0.89148886434E+006,  0.16500000000E+002,  0.00000000000E+000,  0.10000000000E+001
  0.32483100000E+005,  0.12363691930E+007,  0.16500000000E+002,  0.00000000000E+000,  0.10000000000E+001
  0.32493100000E+005,  0.19764239316E+007,  0.16500000000E+002,  0.00000000000E+000,  0.10000000000E+001
  0.32503100000E+005,  0.22774301388E+007,  0.16500000000E+002,  0.00000000000E+000,  0.10000000000E+001
  0.32513100000E+005,  0.24553744918E+007,  0.16500000000E+002,  0.00000000000E+000,  0.10000000000E+001
  0.32523100000E+005,  0.27296249704E+007,  0.16500000000E+002,  0.00000000000E+000,  0.10000000000E+001
  0.32533100000E+005,  0.41816023582E+007,  0.16500000000E+002,  0.00000000000E+000,  0.10000000000E+001
  0.32543100000E+005,  0.77371002399E+007,  0.16500000000E+002,  0.00000000000E+000,  0.10000000000E+001
  0.32552000000E+005,  0.92328799774E+007,  0.16500000000E+002,  0.00000000000E+000,  0.10000000000E+001
