"           TIME(S)","              PRES","              TEMP","             SAT_G","             SAT_L"
  0.94879000000E+005,  0.69278156950E+006,  0.16500000000E+002,  0.00000000000E+000,  0.10000000000E+001
  0.94884000000E+005,  0.69278156950E+006,  0.16500000000E+002,  0.00000000000E+000,  0.10000000000E+001
  0.94898000000E+005,  0.69278156950E+006,  0.16500000000E+002,  0.00000000000E+000,  0.10000000000E+001
  0.94918000000E+005,  0.69278156950E+006,  0.16500000000E+002,  0.00000000000E+000,  0.10000000000E+001
  0.94938000000E+005,  0.69278156950E+006,  0.16500000000E+002,  0.00000000000E+000,  0.10000000000E+001
  0.94958000000E+005,  0.69278156950E+006,  0.16500000000E+002,  0.00000000000E+000,  0.10000000000E+001
  0.94978000000E+005,  0.69278156950E+006,  0.16500000000E+002,  0.00000000000E+000,  0.10000000000E+001
  0.94958000000E+005,  0.69278156950E+006,  0.16500000000E+002,  0.00000000000E+000,  0.10000000000E+001
