"           TIME(S)","              PRES","              TEMP","             SAT_G","             SAT_L"
  0.32480100000E+005,  0.88789525975E+006,  0.16500000000E+002,  0.00000000000E+000,  0.10000000000E+001
  0.32480600000E+005,  0.88842152166E+006,  0.16500000000E+002,  0.00000000000E+000,  0.10000000000E+001
  0.32483100000E+005,  0.12487610838E+007,  0.16500000000E+002,  0.00000000000E+000,  0.10000000000E+001
  0.32493100000E+005,  0.19822255686E+007,  0.16500000000E+002,  0.00000000000E+000,  0.10000000000E+001
  0.32503100000E+005,  0.22760479253E+007,  0.16500000000E+002,  0.00000000000E+000,  0.10000000000E+001
  0.32513100000E+005,  0.24513234016E+007,  0.16500000000E+002,  0.00000000000E+000,  0.10000000000E+001
  0.32523100000E+005,  0.27261474914E+007,  0.16500000000E+002,  0.00000000000E+000,  0.10000000000E+001
  0.32533100000E+005,  0.41914740225E+007,  0.16500000000E+002,  0.00000000000E+000,  0.10000000000E+001
  0.32543100000E+005,  0.77694769439E+007,  0.16500000000E+002,  0.00000000000E+000,  0.10000000000E+001
  0.32553100000E+005,  0.93208199959E+007,  0.16500000000E+002,  0.00000000000E+000,  0.10000000000E+001
  0.32555000000E+005,  0.94670611893E+007,  0.16500000000E+002,  0.00000000000E+000,  0.10000000000E+001
