"           TIME(S)","              PRES","              TEMP","             SAT_G","             SAT_L"
  0.94879000000E+005,  0.77438857208E+006,  0.16500000000E+002,  0.00000000000E+000,  0.10000000000E+001
  0.94884000000E+005,  0.97426042373E+006,  0.16500000000E+002,  0.00000000000E+000,  0.10000000000E+001
  0.94898000000E+005,  0.12456720388E+007,  0.16500000000E+002,  0.00000000000E+000,  0.10000000000E+001
  0.94918000000E+005,  0.13014009765E+007,  0.16500000000E+002,  0.00000000000E+000,  0.10000000000E+001
  0.94938000000E+005,  0.19800575124E+007,  0.16500000000E+002,  0.00000000000E+000,  0.10000000000E+001
  0.94958000000E+005,  0.31353800082E+007,  0.16500000000E+002,  0.00000000000E+000,  0.10000000000E+001
  0.94978000000E+005,  0.32427311199E+007,  0.16500000000E+002,  0.00000000000E+000,  0.10000000000E+001
  0.94958000000E+005,  0.32427311199E+007,  0.16500000000E+002,  0.00000000000E+000,  0.10000000000E+001
