"           TIME(S)","              PRES","              TEMP","             SAT_G","             SAT_L"
  0.32480500000E+005,  0.89102907305E+006,  0.16500000000E+002,  0.00000000000E+000,  0.10000000000E+001
  0.32483000000E+005,  0.12143908933E+007,  0.16500000000E+002,  0.00000000000E+000,  0.10000000000E+001
  0.32493000000E+005,  0.19705395484E+007,  0.16500000000E+002,  0.00000000000E+000,  0.10000000000E+001
  0.32503000000E+005,  0.22747190088E+007,  0.16500000000E+002,  0.00000000000E+000,  0.10000000000E+001
  0.32513000000E+005,  0.24536180065E+007,  0.16500000000E+002,  0.00000000000E+000,  0.10000000000E+001
  0.32523000000E+005,  0.27296010892E+007,  0.16500000000E+002,  0.00000000000E+000,  0.10000000000E+001
  0.32533000000E+005,  0.41426730255E+007,  0.16500000000E+002,  0.00000000000E+000,  0.10000000000E+001
  0.32543000000E+005,  0.77132570987E+007,  0.16500000000E+002,  0.00000000000E+000,  0.10000000000E+001
  0.32553000000E+005,  0.93087729523E+007,  0.16500000000E+002,  0.00000000000E+000,  0.10000000000E+001
  0.32555000000E+005,  0.94750664344E+007,  0.16500000000E+002,  0.00000000000E+000,  0.10000000000E+001
