"           TIME(S)","              PRES","              TEMP","             SAT_G","             SAT_L"
  0.32480500000E+005,  0.88815458574E+006,  0.16500000000E+002,  0.00000000000E+000,  0.10000000000E+001
  0.32483000000E+005,  0.12270567599E+007,  0.16500000000E+002,  0.00000000000E+000,  0.10000000000E+001
  0.32493000000E+005,  0.19791140569E+007,  0.16500000000E+002,  0.00000000000E+000,  0.10000000000E+001
  0.32503000000E+005,  0.22761699649E+007,  0.16500000000E+002,  0.00000000000E+000,  0.10000000000E+001
  0.32513000000E+005,  0.24523569996E+007,  0.16500000000E+002,  0.00000000000E+000,  0.10000000000E+001
  0.32523000000E+005,  0.27292111545E+007,  0.16500000000E+002,  0.00000000000E+000,  0.10000000000E+001
  0.32533000000E+005,  0.41579773060E+007,  0.16500000000E+002,  0.00000000000E+000,  0.10000000000E+001
  0.32543000000E+005,  0.77588081499E+007,  0.16500000000E+002,  0.00000000000E+000,  0.10000000000E+001
  0.32553000000E+005,  0.93260449321E+007,  0.16500000000E+002,  0.00000000000E+000,  0.10000000000E+001
  0.32555000000E+005,  0.94818489396E+007,  0.16500000000E+002,  0.00000000000E+000,  0.10000000000E+001
