"           TIME(S)","              PRES","              TEMP","             SAT_G","             SAT_L"
  0.23301000000E+005,  0.10975834510E+006,  0.16500000000E+002,  0.00000000000E+000,  0.10000000000E+001
  0.23306000000E+005,  0.10975828770E+006,  0.16500000000E+002,  0.00000000000E+000,  0.10000000000E+001
  0.23331000000E+005,  0.10975824663E+006,  0.16500000000E+002,  0.00000000000E+000,  0.10000000000E+001
  0.23391000000E+005,  0.10975823483E+006,  0.16500000000E+002,  0.00000000000E+000,  0.10000000000E+001
  0.23451000000E+005,  0.10975823248E+006,  0.16500000000E+002,  0.00000000000E+000,  0.10000000000E+001
  0.23511000000E+005,  0.10975823340E+006,  0.16500000000E+002,  0.00000000000E+000,  0.10000000000E+001
  0.23571000000E+005,  0.13864108789E+007,  0.16500000000E+002,  0.00000000000E+000,  0.10000000000E+001
  0.23631000000E+005,  0.54862975734E+007,  0.16500000000E+002,  0.00000000000E+000,  0.10000000000E+001
  0.23691000000E+005,  0.19109883314E+007,  0.16500000000E+002,  0.00000000000E+000,  0.10000000000E+001
  0.23751000000E+005,  0.77846663214E+006,  0.16500000000E+002,  0.00000000000E+000,  0.10000000000E+001
  0.23811000000E+005,  0.62763483628E+006,  0.16500000000E+002,  0.00000000000E+000,  0.10000000000E+001
  0.23871000000E+005,  0.53973852269E+006,  0.16500000000E+002,  0.00000000000E+000,  0.10000000000E+001
  0.23931000000E+005,  0.47877179227E+006,  0.16500000000E+002,  0.00000000000E+000,  0.10000000000E+001
  0.23991000000E+005,  0.43320440023E+006,  0.16500000000E+002,  0.00000000000E+000,  0.10000000000E+001
  0.24000000000E+005,  0.42668368349E+006,  0.16500000000E+002,  0.00000000000E+000,  0.10000000000E+001
