"           TIME(S)","              PRES","              TEMP","             SAT_G","             SAT_L"
  0.23301000000E+005,  0.10941557015E+006,  0.16500000000E+002,  0.00000000000E+000,  0.10000000000E+001
  0.23306000000E+005,  0.10941550880E+006,  0.16500000000E+002,  0.00000000000E+000,  0.10000000000E+001
  0.23331000000E+005,  0.10941546528E+006,  0.16500000000E+002,  0.00000000000E+000,  0.10000000000E+001
  0.23391000000E+005,  0.10941545236E+006,  0.16500000000E+002,  0.00000000000E+000,  0.10000000000E+001
  0.23451000000E+005,  0.10941544949E+006,  0.16500000000E+002,  0.00000000000E+000,  0.10000000000E+001
  0.23511000000E+005,  0.10941545014E+006,  0.16500000000E+002,  0.00000000000E+000,  0.10000000000E+001
  0.23571000000E+005,  0.23840399085E+007,  0.16500000000E+002,  0.00000000000E+000,  0.10000000000E+001
  0.23631000000E+005,  0.95498898792E+007,  0.16500000000E+002,  0.00000000000E+000,  0.10000000000E+001
  0.23691000000E+005,  0.27113471087E+007,  0.16500000000E+002,  0.00000000000E+000,  0.10000000000E+001
  0.23751000000E+005,  0.77829453797E+006,  0.16500000000E+002,  0.00000000000E+000,  0.10000000000E+001
  0.23811000000E+005,  0.62734706747E+006,  0.16500000000E+002,  0.00000000000E+000,  0.10000000000E+001
  0.23871000000E+005,  0.53942622632E+006,  0.16500000000E+002,  0.00000000000E+000,  0.10000000000E+001
  0.23931000000E+005,  0.47844755872E+006,  0.16500000000E+002,  0.00000000000E+000,  0.10000000000E+001
  0.23991000000E+005,  0.43287362280E+006,  0.16500000000E+002,  0.00000000000E+000,  0.10000000000E+001
  0.24000000000E+005,  0.42635203063E+006,  0.16500000000E+002,  0.00000000000E+000,  0.10000000000E+001
