"           TIME(S)","              PRES","              TEMP","             SAT_G","             SAT_L"
  0.94880000000E+005,  0.77438850898E+006,  0.16500000000E+002,  0.00000000000E+000,  0.10000000000E+001
  0.94890000000E+005,  0.11499152866E+007,  0.16500000000E+002,  0.00000000000E+000,  0.10000000000E+001
  0.94898000000E+005,  0.12518227484E+007,  0.16500000000E+002,  0.00000000000E+000,  0.10000000000E+001
  0.94918000000E+005,  0.13021159581E+007,  0.16500000000E+002,  0.00000000000E+000,  0.10000000000E+001
  0.94938000000E+005,  0.19802365566E+007,  0.16500000000E+002,  0.00000000000E+000,  0.10000000000E+001
  0.94958000000E+005,  0.31354503997E+007,  0.16500000000E+002,  0.00000000000E+000,  0.10000000000E+001
  0.94978000000E+005,  0.32427675285E+007,  0.16500000000E+002,  0.00000000000E+000,  0.10000000000E+001
  0.94958000000E+005,  0.32427675285E+007,  0.16500000000E+002,  0.00000000000E+000,  0.10000000000E+001
