"           TIME(S)","              PRES","              TEMP","             SAT_G","             SAT_L"
  0.32480100000E+005,  0.88815709077E+006,  0.16500000000E+002,  0.00000000000E+000,  0.10000000000E+001
  0.32480600000E+005,  0.88868536397E+006,  0.16500000000E+002,  0.00000000000E+000,  0.10000000000E+001
  0.32483100000E+005,  0.12500790144E+007,  0.16500000000E+002,  0.00000000000E+000,  0.10000000000E+001
  0.32493100000E+005,  0.19848313466E+007,  0.16500000000E+002,  0.00000000000E+000,  0.10000000000E+001
  0.32503100000E+005,  0.22788209603E+007,  0.16500000000E+002,  0.00000000000E+000,  0.10000000000E+001
  0.32513100000E+005,  0.24540912359E+007,  0.16500000000E+002,  0.00000000000E+000,  0.10000000000E+001
  0.32523100000E+005,  0.27292063242E+007,  0.16500000000E+002,  0.00000000000E+000,  0.10000000000E+001
  0.32533100000E+005,  0.41974484046E+007,  0.16500000000E+002,  0.00000000000E+000,  0.10000000000E+001
  0.32543100000E+005,  0.77824523476E+007,  0.16500000000E+002,  0.00000000000E+000,  0.10000000000E+001
  0.32553100000E+005,  0.93349764288E+007,  0.16500000000E+002,  0.00000000000E+000,  0.10000000000E+001
  0.32555000000E+005,  0.94810269477E+007,  0.16500000000E+002,  0.00000000000E+000,  0.10000000000E+001
