"           TIME(S)","              PRES","              TEMP","             SAT_G","             SAT_L"
  0.94880000000E+005,  0.78395345298E+006,  0.16500000000E+002,  0.00000000000E+000,  0.10000000000E+001
  0.94890000000E+005,  0.78395357285E+006,  0.16500000000E+002,  0.00000000000E+000,  0.10000000000E+001
  0.94898000000E+005,  0.78395365495E+006,  0.16500000000E+002,  0.00000000000E+000,  0.10000000000E+001
  0.94918000000E+005,  0.78395494785E+006,  0.16500000000E+002,  0.00000000000E+000,  0.10000000000E+001
  0.94938000000E+005,  0.78395983893E+006,  0.16500000000E+002,  0.00000000000E+000,  0.10000000000E+001
  0.94958000000E+005,  0.78397329083E+006,  0.16500000000E+002,  0.00000000000E+000,  0.10000000000E+001
  0.94978000000E+005,  0.78400297383E+006,  0.16500000000E+002,  0.00000000000E+000,  0.10000000000E+001
  0.94958000000E+005,  0.78400297383E+006,  0.16500000000E+002,  0.00000000000E+000,  0.10000000000E+001
