"           TIME(S)","              PRES","              TEMP","             SAT_G","             SAT_L"
  0.94880000000E+005,  0.99772178275E+006,  0.16500000000E+002,  0.00000000000E+000,  0.10000000000E+001
  0.94890000000E+005,  0.10015247421E+007,  0.16500000000E+002,  0.00000000000E+000,  0.10000000000E+001
  0.94900000000E+005,  0.10096859652E+007,  0.16500000000E+002,  0.00000000000E+000,  0.10000000000E+001
  0.94910000000E+005,  0.10220463608E+007,  0.16500000000E+002,  0.00000000000E+000,  0.10000000000E+001
  0.94920000000E+005,  0.10391050043E+007,  0.16500000000E+002,  0.00000000000E+000,  0.10000000000E+001
  0.94930000000E+005,  0.10622991692E+007,  0.16500000000E+002,  0.00000000000E+000,  0.10000000000E+001
  0.94940000000E+005,  0.11033920948E+007,  0.16500000000E+002,  0.00000000000E+000,  0.10000000000E+001
  0.94950000000E+005,  0.11648041352E+007,  0.16500000000E+002,  0.00000000000E+000,  0.10000000000E+001
  0.94960000000E+005,  0.12467026982E+007,  0.16500000000E+002,  0.00000000000E+000,  0.10000000000E+001
  0.94970000000E+005,  0.13480113643E+007,  0.16500000000E+002,  0.00000000000E+000,  0.10000000000E+001
  0.94980000000E+005,  0.14681192797E+007,  0.16500000000E+002,  0.00000000000E+000,  0.10000000000E+001
  0.94990000000E+005,  0.16064436194E+007,  0.16500000000E+002,  0.00000000000E+000,  0.10000000000E+001
  0.94992600000E+005,  0.16436288989E+007,  0.16500000000E+002,  0.00000000000E+000,  0.10000000000E+001
