"           TIME(S)","              PRES","              TEMP","             SAT_G","             SAT_L"
  0.94860000000E+005,  0.99750120065E+006,  0.16500000000E+002,  0.00000000000E+000,  0.10000000000E+001
  0.94864500000E+005,  0.99750120048E+006,  0.16500000000E+002,  0.00000000000E+000,  0.10000000000E+001
  0.94871100000E+005,  0.99750120048E+006,  0.16500000000E+002,  0.00000000000E+000,  0.10000000000E+001
  0.94877600000E+005,  0.99750120048E+006,  0.16500000000E+002,  0.00000000000E+000,  0.10000000000E+001
  0.94884200000E+005,  0.99826079124E+006,  0.16500000000E+002,  0.00000000000E+000,  0.10000000000E+001
  0.94890700000E+005,  0.10008293545E+007,  0.16500000000E+002,  0.00000000000E+000,  0.10000000000E+001
  0.94897300000E+005,  0.10052585428E+007,  0.16500000000E+002,  0.00000000000E+000,  0.10000000000E+001
  0.94903900000E+005,  0.10114584557E+007,  0.16500000000E+002,  0.00000000000E+000,  0.10000000000E+001
  0.94910400000E+005,  0.10192374896E+007,  0.16500000000E+002,  0.00000000000E+000,  0.10000000000E+001
  0.94917000000E+005,  0.10291290606E+007,  0.16500000000E+002,  0.00000000000E+000,  0.10000000000E+001
  0.94923500000E+005,  0.10405220824E+007,  0.16500000000E+002,  0.00000000000E+000,  0.10000000000E+001
  0.94930100000E+005,  0.10551886592E+007,  0.16500000000E+002,  0.00000000000E+000,  0.10000000000E+001
  0.94936600000E+005,  0.10766788739E+007,  0.16500000000E+002,  0.00000000000E+000,  0.10000000000E+001
  0.94943200000E+005,  0.11063163869E+007,  0.16500000000E+002,  0.00000000000E+000,  0.10000000000E+001
  0.94949800000E+005,  0.11446759818E+007,  0.16500000000E+002,  0.00000000000E+000,  0.10000000000E+001
  0.94956300000E+005,  0.11908042150E+007,  0.16500000000E+002,  0.00000000000E+000,  0.10000000000E+001
  0.94962900000E+005,  0.12457618196E+007,  0.16500000000E+002,  0.00000000000E+000,  0.10000000000E+001
  0.94969400000E+005,  0.13075773180E+007,  0.16500000000E+002,  0.00000000000E+000,  0.10000000000E+001
  0.94976000000E+005,  0.13780874833E+007,  0.16500000000E+002,  0.00000000000E+000,  0.10000000000E+001
  0.94986000000E+005,  0.15020922012E+007,  0.16500000000E+002,  0.00000000000E+000,  0.10000000000E+001
  0.94992600000E+005,  0.15912435801E+007,  0.16500000000E+002,  0.00000000000E+000,  0.10000000000E+001
