"           TIME(S)","              PRES","              TEMP","             SAT_G","             SAT_L"
  0.23301000000E+005,  0.76019203801E+006,  0.16500000000E+002,  0.00000000000E+000,  0.10000000000E+001
  0.23306000000E+005,  0.76019207063E+006,  0.16500000000E+002,  0.00000000000E+000,  0.10000000000E+001
  0.23326000000E+005,  0.76019207063E+006,  0.16500000000E+002,  0.00000000000E+000,  0.10000000000E+001
  0.23346000000E+005,  0.76019207063E+006,  0.16500000000E+002,  0.00000000000E+000,  0.10000000000E+001
  0.23366000000E+005,  0.76019207063E+006,  0.16500000000E+002,  0.00000000000E+000,  0.10000000000E+001
  0.23386000000E+005,  0.76019207063E+006,  0.16500000000E+002,  0.00000000000E+000,  0.10000000000E+001
  0.23406000000E+005,  0.76019207063E+006,  0.16500000000E+002,  0.00000000000E+000,  0.10000000000E+001
  0.23426000000E+005,  0.76019207063E+006,  0.16500000000E+002,  0.00000000000E+000,  0.10000000000E+001
  0.23446000000E+005,  0.76019207063E+006,  0.16500000000E+002,  0.00000000000E+000,  0.10000000000E+001
  0.23466000000E+005,  0.76019207063E+006,  0.16500000000E+002,  0.00000000000E+000,  0.10000000000E+001
  0.23486000000E+005,  0.76019207063E+006,  0.16500000000E+002,  0.00000000000E+000,  0.10000000000E+001
  0.23506000000E+005,  0.76019207063E+006,  0.16500000000E+002,  0.00000000000E+000,  0.10000000000E+001
