"           TIME(S)","              PRES","              TEMP","             SAT_G","             SAT_L"
  0.94878100000E+005,  0.76020041465E+006,  0.16500000000E+002,  0.00000000000E+000,  0.10000000000E+001
  0.94878400000E+005,  0.76020041465E+006,  0.16500000000E+002,  0.00000000000E+000,  0.10000000000E+001
  0.94878700000E+005,  0.76020041465E+006,  0.16500000000E+002,  0.00000000000E+000,  0.10000000000E+001
  0.94879000000E+005,  0.76020041465E+006,  0.16500000000E+002,  0.00000000000E+000,  0.10000000000E+001
  0.94879300000E+005,  0.76020041465E+006,  0.16500000000E+002,  0.00000000000E+000,  0.10000000000E+001
  0.94879600000E+005,  0.76020041465E+006,  0.16500000000E+002,  0.00000000000E+000,  0.10000000000E+001
  0.94879900000E+005,  0.76020041465E+006,  0.16500000000E+002,  0.00000000000E+000,  0.10000000000E+001
  0.94880200000E+005,  0.76020041465E+006,  0.16500000000E+002,  0.00000000000E+000,  0.10000000000E+001
  0.94880500000E+005,  0.76020041465E+006,  0.16500000000E+002,  0.00000000000E+000,  0.10000000000E+001
  0.94880800000E+005,  0.76020041465E+006,  0.16500000000E+002,  0.00000000000E+000,  0.10000000000E+001
